List of bootcamps,
4Geeks Academy,Ada Developers Academy
Academia de Codigo,Adventure Code School*
Academy Pittsburgh,Application University
Actualize,Arkansas Coding Academy
Alchemy Code Lab,Awesome Inc U
Altcademy,Bedu Tech
App Academy,Berkeley Boot Camps
Awesome Inc,Berkeley Coding Bootcamp
Big Nerd Ranch,Bottega
Bloc,C4Q Access Code/Pursuit
BoiseCodeWorks,Code for All
Bottega Career Services,Coder Camps
BrainStation,Coder Foundry
Burlington Code Academy,Codesmith
Byte Academy,Codify Academy
CareerFoundry,Coding Bootcamp Praha
Claim Academy,Covalence
Codaisseur,Craft Academy
Code Academy,Craftmanship Academy
Code Fellows,Data Science Dojo
Code Louisville,DecodeMTL
Code Platoon,Deep Dive Coding
Code Platoon,devCodeCamp
CodeCraft School,DevelopMe_
Coder Academy,First Step Coding
Codeup,Galvanize
Codeworks,Hacktiv8
Coding Dojo,Helio Training Bootcamp
Coding Temple,Java Developer
CodingNomads,Jax Code
DaVinci Coders,Journey Education
Dev Bootcamp,Kickstart Coding
Developers Institute,Launch Academy
Devmountain,LaunchSchool
DevPoint Labs,Makers Academy
Digital Crafts,Montana Code School
Eleven Fifty Academy,NewForce
Emerging Digital Academy,Parsity
Epicodus,Sabio
Flatiron School,SheCodes
Fullstack Academy,Software Guild
General Assembly,Startup Institute
Georgia Tech Boot Camps,Suncoast Developers Guild Academy
Grace Hopper Academy,Tech Talent South
Grand Circus,Techtonic Academy
Hack Reactor,Techtonica
Hackbright Academy,The Software Guild
Holberton School,University of Oregon Coding Boot Camp
HyperionDev,Wild Code School
Inventive Academy,Zip Code Wilmington
iO Academy,
Ironhack,
Juno College of Technology,
Kenzie Academy,
La Capsule,
Lambda School,
Learning Fuze,
Lighthouse Labs,
MAX Technical Training,
Metis,
Microverse,
Momentum,
Nashville Software School,
Nashville Software School,
Neoland,
New York Code + Design Academy*,
Noble Desktop,
Nucamp,
Orange County Code School,
Practicum by Yandex,
Prime Digital Academy,
Prime Digital Academy,
Propulsion Academy,
Redwood Code Academy,
Rithm School,
rmotr,
Rutgers Bootcamps,
SecureSet,
Skill Distillery,
Skillcrush,
Skylab Coders Academy,
SPICED Academy,
Springboard,
Tech Elevator,
The Array School of Technology and Design,
The Iron Yard,
The Tech Academy,
Thinkful,
TrueCoders,
Turing School of Software and Design,
Ubiqum Code Academy,
Udacity,
UNH Coding Boot Camp,
University of Arizona Boot Camps,
University of Denver Boot Camps,
UT Austin Bootcamps,
V School,
We Can Code IT,
Woz U,
Wyncode,